{
  "train_accuracy": 96.0,
  "train_f1_macro": 95.70662768031187,
  "train_avg_time": 0.0002466821670532227,
  "test_avg_time": 0.00018225361903508505,
  "test_total_time": 0.017496347427368164
}